titre,lien,source
"Transport adapté : sans salaires, les chauffeurs mobilisés devant Martinique transport avec des parents",https://www.rci.fm/martinique/infos/Social/Transport-adapte-sans-salaires-les-chauffeurs-mobilises-devant-Martinique-transport,RCI
L'appel à l'aide de la famille Canova qui doit faire face au handicap dans une grande précarité,https://www.rci.fm/martinique/infos/Societe/Lappel-laide-de-la-famille-Canova-qui-doit-faire-face-au-handicap-dans-une-grande,RCI
Municipales 2026 : le portrait robot des têtes de liste en Martinique,https://www.rci.fm/martinique/infos/Politique/Municipales-2026-le-portrait-robot-des-tetes-de-liste-en-Martinique,RCI
La maison de la chanteuse Rihanna visée par des tirs,https://www.rci.fm/deuxiles/infos/Faits-divers/La-maison-de-la-chanteuse-Rihanna-visee-par-des-tirs,RCI
Un homme de 37 ans blessé par balles à Fort-de-France,https://www.rci.fm/martinique/infos/Faits-divers/Un-homme-de-37-ans-blesse-par-balles-Fort-de-France,RCI
Orchid Expo : les passionnés d’orchidées au rendez-vous à Fort-de-France,https://www.rci.fm/martinique/infos/Culture/Orchid-Expo-les-passionnes-dorchidees-au-rendez-vous-Fort-de-France,RCI
Collision frontale entre deux voitures à Saint-Joseph : deux blessés transportés au CHUM,https://www.rci.fm/martinique/infos/Faits-divers/Collision-frontale-entre-deux-voitures-Saint-Joseph-deux-blesses-transportes-au,RCI
"À l’Université des Antilles, une conférence organisée pour encourager les jeunes femmes à se challenger",https://www.rci.fm/martinique/infos/Education/lUniversite-des-Antilles-une-conference-organisee-pour-encourager-les-jeunes-femmes,RCI
Violences sexuelles : seules 7 % des victimes portent plainte,https://www.rci.fm/martinique/infos/Justice/Violences-sexuelles-seules-7-des-victimes-portent-plainte,RCI
"La houle se calme, retour au vert en Martinique",https://www.rci.fm/martinique/infos/Risques-naturels/La-houle-se-calme-retour-au-vert-en-Martinique,RCI
Donald Trump menace Cuba lors de son sommet avec des pays d'Amérique latine,https://www.rci.fm/deuxiles/infos/Caraibes/Donald-Trump-menace-Cuba-lors-de-son-sommet-avec-des-pays-dAmerique-latine,RCI
Semaine nationale du rein : l'ATIR lance sa campagne de prévention au théâtre Aimé Césaire,https://www.rci.fm/martinique/infos/Sante/Semaine-nationale-du-rein-lATIR-lance-sa-campagne-de-prevention-au-theatre-Aime-Cesaire,RCI
"Jacques Stosskopf, le nouveau géant de la Marine nationale fait une escale en Martinique",https://www.rci.fm/martinique/infos/Societe/Jacques-Stosskopf-le-nouveau-geant-de-la-Marine-nationale-fait-une-escale-en,RCI
"Un homme abattu à Fort-de-France, 7e homicide de l'année en Martinique",https://www.rci.fm/martinique/infos/Faits-divers/Un-homme-abattu-Fort-de-France-7e-homicide-de-lannee-en-Martinique,RCI
Santé des enfants : environ 90 % des rendez-vous pris par les femmes en Guadeloupe et en Martinique,https://www.rci.fm/deuxiles/infos/Societe/Sante-des-enfants-environ-90-des-rendez-vous-pris-par-les-femmes-en-Guadeloupe-et-en,RCI
Le député Jiovanny William chargé d'une mission nationale sur le prix des billets d'avion,https://www.rci.fm/deuxiles/infos/Politique/Le-depute-Jiovanny-William-charge-dune-mission-nationale-sur-le-prix-des-billets,RCI
"Nicolas Rosemond Mars, une figure du commerce du Vauclin disparaît",https://www.rci.fm/martinique/infos/Societe/Nicolas-Rosemond-Mars-une-figure-du-commerce-du-Vauclin-disparait,RCI
Pêche en Martinique : la CTM renforce son soutien et dessine un nouvel horizon pour la filière,https://www.rci.fm/martinique/infos/Societe/Peche-en-Martinique-la-CTM-renforce-son-soutien-et-dessine-un-nouvel-horizon-pour-la,RCI
Bilan hebdomadaire : aucun séisme enregistré sous la Montagne Pelée,https://www.rci.fm/martinique/infos/Risques-naturels/Bilan-hebdomadaire-aucun-seisme-enregistre-sous-la-Montagne-Pelee,RCI
Trafic à la prison de Ducos : deux surveillants pénitentiaires placés en détention provisoire,https://www.rci.fm/deuxiles/infos/Justice/Trafic-la-prison-de-Ducos-deux-surveillants-penitentiaires-places-en-detention,RCI
Alter Ego,,Madiana
Jumpers,,Madiana
La Maison des femmes,,Madiana
The Bride!,,Madiana
Chers parents,,Madiana
Scream 7,,Madiana
Cold Storage,,Madiana
Le Rêve américain,,Madiana
Marty Supreme,,Madiana
L'Infiltrée,,Madiana
Send Help,,Madiana
Marsupilami,,Madiana
La Femme de ménage,,Madiana
Avatar : de Feu et de Cendres,,Madiana
